adm4,desa_kelurahan,kecamatan_code,kecamatan,kotkab_code,kota_kabupaten,provinsi_code,provinsi
31.71.01.1001,Gambir,31.71.01,Gambir,31.71,Kota Adm. Jakarta Pusat,31,DKI Jakarta
31.71.01.1002,Cideng,31.71.01,Gambir,31.71,Kota Adm. Jakarta Pusat,31,DKI Jakarta
31.71.01.1003,Petojo Utara,31.71.01,Gambir,31.71,Kota Adm. Jakarta Pusat,31,DKI Jakarta
31.71.01.1004,Petojo Selatan,31.71.01,Gambir,31.71,Kota Adm. Jakarta Pusat,31,DKI Jakarta
31.71.01.1005,Kebon Kelapa,31.71.01,Gambir,31.71,Kota Adm. Jakarta Pusat,31,DKI Jakarta
31.71.01.1006,Duri Pulo,31.71.01,Gambir,31.71,Kota Adm. Jakarta Pusat,31,DKI Jakarta
31.71.02.1001,Pasar Baru,31.71.02,Sawah Besar,31.71,Kota Adm. Jakarta Pusat,31,DKI Jakarta
31.71.02.1002,Karang Anyar,31.71.02,Sawah Besar,31.71,Kota Adm. Jakarta Pusat,31,DKI Jakarta
31.71.02.1003,Kartini,31.71.02,Sawah Besar,31.71,Kota Adm. Jakarta Pusat,31,DKI Jakarta
31.71.02.1004,Gunung Sahari Utara,31.71.02,Sawah Besar,31.71,Kota Adm. Jakarta Pusat,31,DKI Jakarta
31.71.02.1005,Mangga Dua Selatan,31.71.02,Sawah Besar,31.71,Kota Adm. Jakarta Pusat,31,DKI Jakarta
31.71.03.1001,Kemayoran,31.71.03,Kemayoran,31.71,Kota Adm. Jakarta Pusat,31,DKI Jakarta
31.71.03.1002,Kebon Kosong,31.71.03,Kemayoran,31.71,Kota Adm. Jakarta Pusat,31,DKI Jakarta
31.71.03.1003,Harapan Mulia,31.71.03,Kemayoran,31.71,Kota Adm. Jakarta Pusat,31,DKI Jakarta
31.71.03.1004,Serdang,31.71.03,Kemayoran,31.71,Kota Adm. Jakarta Pusat,31,DKI Jakarta
31.71.03.1005,Gunung Sahari Selatan,31.71.03,Kemayoran,31.71,Kota Adm. Jakarta Pusat,31,DKI Jakarta
31.71.03.1006,Cempaka Baru,31.71.03,Kemayoran,31.71,Kota Adm. Jakarta Pusat,31,DKI Jakarta
31.71.03.1007,Sumur Batu,31.71.03,Kemayoran,31.71,Kota Adm. Jakarta Pusat,31,DKI Jakarta
31.71.03.1008,Utan Panjang,31.71.03,Kemayoran,31.71,Kota Adm. Jakarta Pusat,31,DKI Jakarta
31.71.04.1001,Senen,31.71.04,Senen,31.71,Kota Adm. Jakarta Pusat,31,DKI Jakarta
31.71.04.1002,Kenari,31.71.04,Senen,31.71,Kota Adm. Jakarta Pusat,31,DKI Jakarta
31.71.04.1003,Paseban,31.71.04,Senen,31.71,Kota Adm. Jakarta Pusat,31,DKI Jakarta
31.71.04.1004,Kramat,31.71.04,Senen,31.71,Kota Adm. Jakarta Pusat,31,DKI Jakarta
31.71.04.1005,Kwitang,31.71.04,Senen,31.71,Kota Adm. Jakarta Pusat,31,DKI Jakarta
31.71.04.1006,Bungur,31.71.04,Senen,31.71,Kota Adm. Jakarta Pusat,31,DKI Jakarta
31.71.05.1001,Cempaka Putih Timur,31.71.05,Cempaka Putih,31.71,Kota Adm. Jakarta Pusat,31,DKI Jakarta
31.71.05.1002,Cempaka Putih Barat,31.71.05,Cempaka Putih,31.71,Kota Adm. Jakarta Pusat,31,DKI Jakarta
31.71.05.1003,Rawasari,31.71.05,Cempaka Putih,31.71,Kota Adm. Jakarta Pusat,31,DKI Jakarta
31.71.06.1001,Menteng,31.71.06,Menteng,31.71,Kota Adm. Jakarta Pusat,31,DKI Jakarta
31.71.06.1002,Pegangsaan,31.71.06,Menteng,31.71,Kota Adm. Jakarta Pusat,31,DKI Jakarta
31.71.06.1003,Cikini,31.71.06,Menteng,31.71,Kota Adm. Jakarta Pusat,31,DKI Jakarta
31.71.06.1004,Gondangdia,31.71.06,Menteng,31.71,Kota Adm. Jakarta Pusat,31,DKI Jakarta
31.71.06.1005,Kebon Sirih,31.71.06,Menteng,31.71,Kota Adm. Jakarta Pusat,31,DKI Jakarta
31.71.07.1001,Gelora,31.71.07,Tanah Abang,31.71,Kota Adm. Jakarta Pusat,31,DKI Jakarta
31.71.07.1002,Bendungan Hilir,31.71.07,Tanah Abang,31.71,Kota Adm. Jakarta Pusat,31,DKI Jakarta
31.71.07.1003,Karet Tengsin,31.71.07,Tanah Abang,31.71,Kota Adm. Jakarta Pusat,31,DKI Jakarta
31.71.07.1004,Petamburan,31.71.07,Tanah Abang,31.71,Kota Adm. Jakarta Pusat,31,DKI Jakarta
31.71.07.1005,Kebon Melati,31.71.07,Tanah Abang,31.71,Kota Adm. Jakarta Pusat,31,DKI Jakarta
31.71.07.1006,Kebon Kacang,31.71.07,Tanah Abang,31.71,Kota Adm. Jakarta Pusat,31,DKI Jakarta
31.71.07.1007,Kampung Bali,31.71.07,Tanah Abang,31.71,Kota Adm. Jakarta Pusat,31,DKI Jakarta
31.71.08.1001,Johar Baru,31.71.08,Johar Baru,31.71,Kota Adm. Jakarta Pusat,31,DKI Jakarta
31.71.08.1002,Kampung Rawa,31.71.08,Johar Baru,31.71,Kota Adm. Jakarta Pusat,31,DKI Jakarta
31.71.08.1003,Galur,31.71.08,Johar Baru,31.71,Kota Adm. Jakarta Pusat,31,DKI Jakarta
31.71.08.1004,Tanah Tinggi,31.71.08,Johar Baru,31.71,Kota Adm. Jakarta Pusat,31,DKI Jakarta
31.72.01.1001,Penjaringan,31.72.01,Penjaringan,31.72,Kota Adm. Jakarta Utara,31,DKI Jakarta
31.72.01.1002,Kamal Muara,31.72.01,Penjaringan,31.72,Kota Adm. Jakarta Utara,31,DKI Jakarta
31.72.01.1003,Kapuk Muara,31.72.01,Penjaringan,31.72,Kota Adm. Jakarta Utara,31,DKI Jakarta
31.72.01.1004,Pejagalan,31.72.01,Penjaringan,31.72,Kota Adm. Jakarta Utara,31,DKI Jakarta
31.72.01.1005,Pluit,31.72.01,Penjaringan,31.72,Kota Adm. Jakarta Utara,31,DKI Jakarta
31.72.02.1001,Tanjung Priok,31.72.02,Tanjung Priok,31.72,Kota Adm. Jakarta Utara,31,DKI Jakarta
31.72.02.1002,Sunter Jaya,31.72.02,Tanjung Priok,31.72,Kota Adm. Jakarta Utara,31,DKI Jakarta
31.72.02.1003,Papanggo,31.72.02,Tanjung Priok,31.72,Kota Adm. Jakarta Utara,31,DKI Jakarta
31.72.02.1004,Sungai Bambu,31.72.02,Tanjung Priok,31.72,Kota Adm. Jakarta Utara,31,DKI Jakarta
31.72.02.1005,Kebon Bawang,31.72.02,Tanjung Priok,31.72,Kota Adm. Jakarta Utara,31,DKI Jakarta
31.72.02.1006,Sunter Agung,31.72.02,Tanjung Priok,31.72,Kota Adm. Jakarta Utara,31,DKI Jakarta
31.72.02.1007,Warakas,31.72.02,Tanjung Priok,31.72,Kota Adm. Jakarta Utara,31,DKI Jakarta
31.72.03.1001,Koja,31.72.03,Koja,31.72,Kota Adm. Jakarta Utara,31,DKI Jakarta
31.72.03.1002,Tugu Utara,31.72.03,Koja,31.72,Kota Adm. Jakarta Utara,31,DKI Jakarta
31.72.03.1003,Lagoa,31.72.03,Koja,31.72,Kota Adm. Jakarta Utara,31,DKI Jakarta
31.72.03.1004,Rawa Badak Utara,31.72.03,Koja,31.72,Kota Adm. Jakarta Utara,31,DKI Jakarta
31.72.03.1005,Tugu Selatan,31.72.03,Koja,31.72,Kota Adm. Jakarta Utara,31,DKI Jakarta
31.72.03.1006,Rawa Badak Selatan,31.72.03,Koja,31.72,Kota Adm. Jakarta Utara,31,DKI Jakarta
31.72.04.1001,Cilincing,31.72.04,Cilincing,31.72,Kota Adm. Jakarta Utara,31,DKI Jakarta
31.72.04.1002,Sukapura,31.72.04,Cilincing,31.72,Kota Adm. Jakarta Utara,31,DKI Jakarta
31.72.04.1003,Marunda,31.72.04,Cilincing,31.72,Kota Adm. Jakarta Utara,31,DKI Jakarta
31.72.04.1004,Kalibaru,31.72.04,Cilincing,31.72,Kota Adm. Jakarta Utara,31,DKI Jakarta
31.72.04.1005,Semper Timur,31.72.04,Cilincing,31.72,Kota Adm. Jakarta Utara,31,DKI Jakarta
31.72.04.1006,Rorotan,31.72.04,Cilincing,31.72,Kota Adm. Jakarta Utara,31,DKI Jakarta
31.72.04.1007,Semper Barat,31.72.04,Cilincing,31.72,Kota Adm. Jakarta Utara,31,DKI Jakarta
31.72.05.1001,Pademangan Timur,31.72.05,Pademangan,31.72,Kota Adm. Jakarta Utara,31,DKI Jakarta
31.72.05.1002,Pademangan Barat,31.72.05,Pademangan,31.72,Kota Adm. Jakarta Utara,31,DKI Jakarta
31.72.05.1003,Ancol,31.72.05,Pademangan,31.72,Kota Adm. Jakarta Utara,31,DKI Jakarta
31.72.06.1001,Kelapa Gading Timur,31.72.06,Kelapa Gading,31.72,Kota Adm. Jakarta Utara,31,DKI Jakarta
31.72.06.1002,Pegangsaan Dua,31.72.06,Kelapa Gading,31.72,Kota Adm. Jakarta Utara,31,DKI Jakarta
31.72.06.1003,Kelapa Gading Barat,31.72.06,Kelapa Gading,31.72,Kota Adm. Jakarta Utara,31,DKI Jakarta
31.73.01.1001,Cengkareng Barat,31.73.01,Cengkareng,31.73,Kota Adm. Jakarta Barat,31,DKI Jakarta
31.73.01.1002,Duri Kosambi,31.73.01,Cengkareng,31.73,Kota Adm. Jakarta Barat,31,DKI Jakarta
31.73.01.1003,Rawa Buaya,31.73.01,Cengkareng,31.73,Kota Adm. Jakarta Barat,31,DKI Jakarta
31.73.01.1004,Kedaung Kali Angke,31.73.01,Cengkareng,31.73,Kota Adm. Jakarta Barat,31,DKI Jakarta
31.73.01.1005,Kapuk,31.73.01,Cengkareng,31.73,Kota Adm. Jakarta Barat,31,DKI Jakarta
31.73.01.1006,Cengkareng Timur,31.73.01,Cengkareng,31.73,Kota Adm. Jakarta Barat,31,DKI Jakarta
31.73.02.1001,Grogol,31.73.02,Grogol Petamburan,31.73,Kota Adm. Jakarta Barat,31,DKI Jakarta
31.73.02.1002,Tanjung Duren Utara,31.73.02,Grogol Petamburan,31.73,Kota Adm. Jakarta Barat,31,DKI Jakarta
31.73.02.1003,Tomang,31.73.02,Grogol Petamburan,31.73,Kota Adm. Jakarta Barat,31,DKI Jakarta
31.73.02.1004,Jelambar,31.73.02,Grogol Petamburan,31.73,Kota Adm. Jakarta Barat,31,DKI Jakarta
31.73.02.1005,Tanjung Duren Selatan,31.73.02,Grogol Petamburan,31.73,Kota Adm. Jakarta Barat,31,DKI Jakarta
31.73.02.1006,Jelambar Baru,31.73.02,Grogol Petamburan,31.73,Kota Adm. Jakarta Barat,31,DKI Jakarta
31.73.02.1007,Wijaya Kusuma,31.73.02,Grogol Petamburan,31.73,Kota Adm. Jakarta Barat,31,DKI Jakarta
31.73.03.1001,Taman Sari,31.73.03,Taman Sari,31.73,Kota Adm. Jakarta Barat,31,DKI Jakarta
31.73.03.1002,Krukut,31.73.03,Taman Sari,31.73,Kota Adm. Jakarta Barat,31,DKI Jakarta
31.73.03.1003,Maphar,31.73.03,Taman Sari,31.73,Kota Adm. Jakarta Barat,31,DKI Jakarta
31.73.03.1004,Tangki,31.73.03,Taman Sari,31.73,Kota Adm. Jakarta Barat,31,DKI Jakarta
31.73.03.1005,Mangga Besar,31.73.03,Taman Sari,31.73,Kota Adm. Jakarta Barat,31,DKI Jakarta
31.73.03.1006,Keagungan,31.73.03,Taman Sari,31.73,Kota Adm. Jakarta Barat,31,DKI Jakarta
31.73.03.1007,Glodok,31.73.03,Taman Sari,31.73,Kota Adm. Jakarta Barat,31,DKI Jakarta
31.73.03.1008,Pinangsia,31.73.03,Taman Sari,31.73,Kota Adm. Jakarta Barat,31,DKI Jakarta
31.73.04.1001,Tambora,31.73.04,Tambora,31.73,Kota Adm. Jakarta Barat,31,DKI Jakarta
31.73.04.1002,Kali Anyar,31.73.04,Tambora,31.73,Kota Adm. Jakarta Barat,31,DKI Jakarta
31.73.04.1003,Duri Utara,31.73.04,Tambora,31.73,Kota Adm. Jakarta Barat,31,DKI Jakarta
31.73.04.1004,Tanah Sereal,31.73.04,Tambora,31.73,Kota Adm. Jakarta Barat,31,DKI Jakarta
31.73.04.1005,Krendang,31.73.04,Tambora,31.73,Kota Adm. Jakarta Barat,31,DKI Jakarta
31.73.04.1006,Jembatan Besi,31.73.04,Tambora,31.73,Kota Adm. Jakarta Barat,31,DKI Jakarta
31.73.04.1007,Angke,31.73.04,Tambora,31.73,Kota Adm. Jakarta Barat,31,DKI Jakarta
31.73.04.1008,Jembatan Lima,31.73.04,Tambora,31.73,Kota Adm. Jakarta Barat,31,DKI Jakarta
31.73.04.1009,Pekojan,31.73.04,Tambora,31.73,Kota Adm. Jakarta Barat,31,DKI Jakarta
31.73.04.1010,Roa Malaka,31.73.04,Tambora,31.73,Kota Adm. Jakarta Barat,31,DKI Jakarta
31.73.04.1011,Duri Selatan,31.73.04,Tambora,31.73,Kota Adm. Jakarta Barat,31,DKI Jakarta
31.73.05.1001,Kebon Jeruk,31.73.05,Kebon Jeruk,31.73,Kota Adm. Jakarta Barat,31,DKI Jakarta
31.73.05.1002,Sukabumi Utara,31.73.05,Kebon Jeruk,31.73,Kota Adm. Jakarta Barat,31,DKI Jakarta
31.73.05.1003,Sukabumi Selatan,31.73.05,Kebon Jeruk,31.73,Kota Adm. Jakarta Barat,31,DKI Jakarta
31.73.05.1004,Kelapa Dua,31.73.05,Kebon Jeruk,31.73,Kota Adm. Jakarta Barat,31,DKI Jakarta
31.73.05.1005,Duri Kepa,31.73.05,Kebon Jeruk,31.73,Kota Adm. Jakarta Barat,31,DKI Jakarta
31.73.05.1006,Kedoya Utara,31.73.05,Kebon Jeruk,31.73,Kota Adm. Jakarta Barat,31,DKI Jakarta
31.73.05.1007,Kedoya Selatan,31.73.05,Kebon Jeruk,31.73,Kota Adm. Jakarta Barat,31,DKI Jakarta
31.73.06.1001,Kalideres,31.73.06,Kalideres,31.73,Kota Adm. Jakarta Barat,31,DKI Jakarta
31.73.06.1002,Semanan,31.73.06,Kalideres,31.73,Kota Adm. Jakarta Barat,31,DKI Jakarta
31.73.06.1003,Tegal Alur,31.73.06,Kalideres,31.73,Kota Adm. Jakarta Barat,31,DKI Jakarta
31.73.06.1004,Kamal,31.73.06,Kalideres,31.73,Kota Adm. Jakarta Barat,31,DKI Jakarta
31.73.06.1005,Pegadungan,31.73.06,Kalideres,31.73,Kota Adm. Jakarta Barat,31,DKI Jakarta
31.73.07.1001,Palmerah,31.73.07,Pal Merah,31.73,Kota Adm. Jakarta Barat,31,DKI Jakarta
31.73.07.1002,Slipi,31.73.07,Pal Merah,31.73,Kota Adm. Jakarta Barat,31,DKI Jakarta
31.73.07.1003,Kota Bambu Utara,31.73.07,Pal Merah,31.73,Kota Adm. Jakarta Barat,31,DKI Jakarta
31.73.07.1004,Jatipulo,31.73.07,Pal Merah,31.73,Kota Adm. Jakarta Barat,31,DKI Jakarta
31.73.07.1005,Kemanggisan,31.73.07,Pal Merah,31.73,Kota Adm. Jakarta Barat,31,DKI Jakarta
31.73.07.1006,Kota Bambu Selatan,31.73.07,Pal Merah,31.73,Kota Adm. Jakarta Barat,31,DKI Jakarta
31.73.08.1001,Kembangan Utara,31.73.08,Kembangan,31.73,Kota Adm. Jakarta Barat,31,DKI Jakarta
31.73.08.1002,Meruya Utara,31.73.08,Kembangan,31.73,Kota Adm. Jakarta Barat,31,DKI Jakarta
31.73.08.1003,Meruya Selatan,31.73.08,Kembangan,31.73,Kota Adm. Jakarta Barat,31,DKI Jakarta
31.73.08.1004,Srengseng,31.73.08,Kembangan,31.73,Kota Adm. Jakarta Barat,31,DKI Jakarta
31.73.08.1005,Joglo,31.73.08,Kembangan,31.73,Kota Adm. Jakarta Barat,31,DKI Jakarta
31.73.08.1006,Kembangan Selatan,31.73.08,Kembangan,31.73,Kota Adm. Jakarta Barat,31,DKI Jakarta
31.74.01.1001,Tebet Timur,31.74.01,Tebet,31.74,Kota Adm. Jakarta Selatan,31,DKI Jakarta
31.74.01.1002,Tebet Barat,31.74.01,Tebet,31.74,Kota Adm. Jakarta Selatan,31,DKI Jakarta
31.74.01.1003,Menteng Dalam,31.74.01,Tebet,31.74,Kota Adm. Jakarta Selatan,31,DKI Jakarta
31.74.01.1004,Kebon Baru,31.74.01,Tebet,31.74,Kota Adm. Jakarta Selatan,31,DKI Jakarta
31.74.01.1005,Bukit Duri,31.74.01,Tebet,31.74,Kota Adm. Jakarta Selatan,31,DKI Jakarta
31.74.01.1006,Manggarai Selatan,31.74.01,Tebet,31.74,Kota Adm. Jakarta Selatan,31,DKI Jakarta
31.74.01.1007,Manggarai,31.74.01,Tebet,31.74,Kota Adm. Jakarta Selatan,31,DKI Jakarta
31.74.02.1001,Setia Budi,31.74.02,Setiabudi,31.74,Kota Adm. Jakarta Selatan,31,DKI Jakarta
31.74.02.1002,Karet Semanggi,31.74.02,Setiabudi,31.74,Kota Adm. Jakarta Selatan,31,DKI Jakarta
31.74.02.1003,Karet Kuningan,31.74.02,Setiabudi,31.74,Kota Adm. Jakarta Selatan,31,DKI Jakarta
31.74.02.1004,Karet,31.74.02,Setiabudi,31.74,Kota Adm. Jakarta Selatan,31,DKI Jakarta
31.74.02.1005,Menteng Atas,31.74.02,Setiabudi,31.74,Kota Adm. Jakarta Selatan,31,DKI Jakarta
31.74.02.1006,Pasar Manggis,31.74.02,Setiabudi,31.74,Kota Adm. Jakarta Selatan,31,DKI Jakarta
31.74.02.1007,Guntur,31.74.02,Setiabudi,31.74,Kota Adm. Jakarta Selatan,31,DKI Jakarta
31.74.02.1008,Kuningan Timur,31.74.02,Setiabudi,31.74,Kota Adm. Jakarta Selatan,31,DKI Jakarta
31.74.03.1001,Mampang Prapatan,31.74.03,Mampang Prapatan,31.74,Kota Adm. Jakarta Selatan,31,DKI Jakarta
31.74.03.1002,Bangka,31.74.03,Mampang Prapatan,31.74,Kota Adm. Jakarta Selatan,31,DKI Jakarta
31.74.03.1003,Pela Mampang,31.74.03,Mampang Prapatan,31.74,Kota Adm. Jakarta Selatan,31,DKI Jakarta
31.74.03.1004,Tegal Parang,31.74.03,Mampang Prapatan,31.74,Kota Adm. Jakarta Selatan,31,DKI Jakarta
31.74.03.1005,Kuningan Barat,31.74.03,Mampang Prapatan,31.74,Kota Adm. Jakarta Selatan,31,DKI Jakarta
31.74.04.1001,Pasar Minggu,31.74.04,Pasar Minggu,31.74,Kota Adm. Jakarta Selatan,31,DKI Jakarta
31.74.04.1002,Jati Padang,31.74.04,Pasar Minggu,31.74,Kota Adm. Jakarta Selatan,31,DKI Jakarta
31.74.04.1003,Cilandak Timur,31.74.04,Pasar Minggu,31.74,Kota Adm. Jakarta Selatan,31,DKI Jakarta
31.74.04.1004,Ragunan,31.74.04,Pasar Minggu,31.74,Kota Adm. Jakarta Selatan,31,DKI Jakarta
31.74.04.1005,Pejaten Timur,31.74.04,Pasar Minggu,31.74,Kota Adm. Jakarta Selatan,31,DKI Jakarta
31.74.04.1006,Pejaten Barat,31.74.04,Pasar Minggu,31.74,Kota Adm. Jakarta Selatan,31,DKI Jakarta
31.74.04.1007,Kebagusan,31.74.04,Pasar Minggu,31.74,Kota Adm. Jakarta Selatan,31,DKI Jakarta
31.74.05.1001,Kebayoran Lama Utara,31.74.05,Kebayoran Lama,31.74,Kota Adm. Jakarta Selatan,31,DKI Jakarta
31.74.05.1002,Pondok Pinang,31.74.05,Kebayoran Lama,31.74,Kota Adm. Jakarta Selatan,31,DKI Jakarta
31.74.05.1003,Cipulir,31.74.05,Kebayoran Lama,31.74,Kota Adm. Jakarta Selatan,31,DKI Jakarta
31.74.05.1004,Grogol Utara,31.74.05,Kebayoran Lama,31.74,Kota Adm. Jakarta Selatan,31,DKI Jakarta
31.74.05.1005,Grogol Selatan,31.74.05,Kebayoran Lama,31.74,Kota Adm. Jakarta Selatan,31,DKI Jakarta
31.74.05.1006,Kebayoran Lama Selatan,31.74.05,Kebayoran Lama,31.74,Kota Adm. Jakarta Selatan,31,DKI Jakarta
31.74.06.1001,Cilandak Barat,31.74.06,Cilandak,31.74,Kota Adm. Jakarta Selatan,31,DKI Jakarta
31.74.06.1002,Lebak Bulus,31.74.06,Cilandak,31.74,Kota Adm. Jakarta Selatan,31,DKI Jakarta
31.74.06.1003,Pondok Labu,31.74.06,Cilandak,31.74,Kota Adm. Jakarta Selatan,31,DKI Jakarta
31.74.06.1004,Gandaria Selatan,31.74.06,Cilandak,31.74,Kota Adm. Jakarta Selatan,31,DKI Jakarta
31.74.06.1005,Cipete Selatan,31.74.06,Cilandak,31.74,Kota Adm. Jakarta Selatan,31,DKI Jakarta
31.74.07.1001,Melawai,31.74.07,Kebayoran Baru,31.74,Kota Adm. Jakarta Selatan,31,DKI Jakarta
31.74.07.1002,Gunung,31.74.07,Kebayoran Baru,31.74,Kota Adm. Jakarta Selatan,31,DKI Jakarta
31.74.07.1003,Kramat Pela,31.74.07,Kebayoran Baru,31.74,Kota Adm. Jakarta Selatan,31,DKI Jakarta
31.74.07.1004,Selong,31.74.07,Kebayoran Baru,31.74,Kota Adm. Jakarta Selatan,31,DKI Jakarta
31.74.07.1005,Rawa Barat,31.74.07,Kebayoran Baru,31.74,Kota Adm. Jakarta Selatan,31,DKI Jakarta
31.74.07.1006,Senayan,31.74.07,Kebayoran Baru,31.74,Kota Adm. Jakarta Selatan,31,DKI Jakarta
31.74.07.1007,Pulo,31.74.07,Kebayoran Baru,31.74,Kota Adm. Jakarta Selatan,31,DKI Jakarta
31.74.07.1008,Petogogan,31.74.07,Kebayoran Baru,31.74,Kota Adm. Jakarta Selatan,31,DKI Jakarta
31.74.07.1009,Gandaria Utara,31.74.07,Kebayoran Baru,31.74,Kota Adm. Jakarta Selatan,31,DKI Jakarta
31.74.07.1010,Cipete Utara,31.74.07,Kebayoran Baru,31.74,Kota Adm. Jakarta Selatan,31,DKI Jakarta
31.74.08.1001,Pancoran,31.74.08,Pancoran,31.74,Kota Adm. Jakarta Selatan,31,DKI Jakarta
31.74.08.1002,Kalibata,31.74.08,Pancoran,31.74,Kota Adm. Jakarta Selatan,31,DKI Jakarta
31.74.08.1003,Rawajati,31.74.08,Pancoran,31.74,Kota Adm. Jakarta Selatan,31,DKI Jakarta
31.74.08.1004,Duren Tiga,31.74.08,Pancoran,31.74,Kota Adm. Jakarta Selatan,31,DKI Jakarta
31.74.08.1005,Pengadegan,31.74.08,Pancoran,31.74,Kota Adm. Jakarta Selatan,31,DKI Jakarta
31.74.08.1006,Cikoko,31.74.08,Pancoran,31.74,Kota Adm. Jakarta Selatan,31,DKI Jakarta
31.74.09.1001,Jagakarsa,31.74.09,Jagakarsa,31.74,Kota Adm. Jakarta Selatan,31,DKI Jakarta
31.74.09.1002,Srengseng Sawah,31.74.09,Jagakarsa,31.74,Kota Adm. Jakarta Selatan,31,DKI Jakarta
31.74.09.1003,Ciganjur,31.74.09,Jagakarsa,31.74,Kota Adm. Jakarta Selatan,31,DKI Jakarta
31.74.09.1004,Lenteng Agung,31.74.09,Jagakarsa,31.74,Kota Adm. Jakarta Selatan,31,DKI Jakarta
31.74.09.1005,Tanjung Barat,31.74.09,Jagakarsa,31.74,Kota Adm. Jakarta Selatan,31,DKI Jakarta
31.74.09.1006,Cipedak,31.74.09,Jagakarsa,31.74,Kota Adm. Jakarta Selatan,31,DKI Jakarta
31.74.10.1001,Pesanggrahan,31.74.10,Pesanggrahan,31.74,Kota Adm. Jakarta Selatan,31,DKI Jakarta
31.74.10.1002,Bintaro,31.74.10,Pesanggrahan,31.74,Kota Adm. Jakarta Selatan,31,DKI Jakarta
31.74.10.1003,Petukangan Utara,31.74.10,Pesanggrahan,31.74,Kota Adm. Jakarta Selatan,31,DKI Jakarta
31.74.10.1004,Petukangan Selatan,31.74.10,Pesanggrahan,31.74,Kota Adm. Jakarta Selatan,31,DKI Jakarta
31.74.10.1005,Ulujami,31.74.10,Pesanggrahan,31.74,Kota Adm. Jakarta Selatan,31,DKI Jakarta
31.75.01.1001,Pisangan Baru,31.75.01,Matraman,31.75,Kota Adm. Jakarta Timur,31,DKI Jakarta
31.75.01.1002,Utan Kayu Utara,31.75.01,Matraman,31.75,Kota Adm. Jakarta Timur,31,DKI Jakarta
31.75.01.1003,Kayu Manis,31.75.01,Matraman,31.75,Kota Adm. Jakarta Timur,31,DKI Jakarta
31.75.01.1004,Palmeriam,31.75.01,Matraman,31.75,Kota Adm. Jakarta Timur,31,DKI Jakarta
31.75.01.1005,Kebon Manggis,31.75.01,Matraman,31.75,Kota Adm. Jakarta Timur,31,DKI Jakarta
31.75.01.1006,Utan Kayu Selatan,31.75.01,Matraman,31.75,Kota Adm. Jakarta Timur,31,DKI Jakarta
31.75.02.1001,Pulo Gadung,31.75.02,Pulogadung,31.75,Kota Adm. Jakarta Timur,31,DKI Jakarta
31.75.02.1002,Pisangan Timur,31.75.02,Pulogadung,31.75,Kota Adm. Jakarta Timur,31,DKI Jakarta
31.75.02.1003,Cipinang,31.75.02,Pulogadung,31.75,Kota Adm. Jakarta Timur,31,DKI Jakarta
31.75.02.1004,Jatinegara Kaum,31.75.02,Pulogadung,31.75,Kota Adm. Jakarta Timur,31,DKI Jakarta
31.75.02.1005,Rawamangun,31.75.02,Pulogadung,31.75,Kota Adm. Jakarta Timur,31,DKI Jakarta
31.75.02.1006,Kayu Putih,31.75.02,Pulogadung,31.75,Kota Adm. Jakarta Timur,31,DKI Jakarta
31.75.02.1007,Jati,31.75.02,Pulogadung,31.75,Kota Adm. Jakarta Timur,31,DKI Jakarta
31.75.03.1001,Kampung Melayu,31.75.03,Jatinegara,31.75,Kota Adm. Jakarta Timur,31,DKI Jakarta
31.75.03.1002,Bidara Cina,31.75.03,Jatinegara,31.75,Kota Adm. Jakarta Timur,31,DKI Jakarta
31.75.03.1003,Bali Mester,31.75.03,Jatinegara,31.75,Kota Adm. Jakarta Timur,31,DKI Jakarta
31.75.03.1004,Rawa Bunga,31.75.03,Jatinegara,31.75,Kota Adm. Jakarta Timur,31,DKI Jakarta
31.75.03.1005,Cipinang Cempedak,31.75.03,Jatinegara,31.75,Kota Adm. Jakarta Timur,31,DKI Jakarta
31.75.03.1006,Cipinang Muara,31.75.03,Jatinegara,31.75,Kota Adm. Jakarta Timur,31,DKI Jakarta
31.75.03.1007,Cipinang Besar Selatan,31.75.03,Jatinegara,31.75,Kota Adm. Jakarta Timur,31,DKI Jakarta
31.75.03.1008,Cipinang Besar Utara,31.75.03,Jatinegara,31.75,Kota Adm. Jakarta Timur,31,DKI Jakarta
31.75.04.1001,Kramatjati,31.75.04,Kramatjati,31.75,Kota Adm. Jakarta Timur,31,DKI Jakarta
31.75.04.1002,Tengah,31.75.04,Kramatjati,31.75,Kota Adm. Jakarta Timur,31,DKI Jakarta
31.75.04.1003,Dukuh,31.75.04,Kramatjati,31.75,Kota Adm. Jakarta Timur,31,DKI Jakarta
31.75.04.1004,Batu Ampar,31.75.04,Kramatjati,31.75,Kota Adm. Jakarta Timur,31,DKI Jakarta
31.75.04.1005,Balekambang,31.75.04,Kramatjati,31.75,Kota Adm. Jakarta Timur,31,DKI Jakarta
31.75.04.1006,Cililitan,31.75.04,Kramatjati,31.75,Kota Adm. Jakarta Timur,31,DKI Jakarta
31.75.04.1007,Cawang,31.75.04,Kramatjati,31.75,Kota Adm. Jakarta Timur,31,DKI Jakarta
31.75.05.1001,Gedong,31.75.05,Pasar Rebo,31.75,Kota Adm. Jakarta Timur,31,DKI Jakarta
31.75.05.1002,Baru,31.75.05,Pasar Rebo,31.75,Kota Adm. Jakarta Timur,31,DKI Jakarta
31.75.05.1003,Cijantung,31.75.05,Pasar Rebo,31.75,Kota Adm. Jakarta Timur,31,DKI Jakarta
31.75.05.1004,Kalisari,31.75.05,Pasar Rebo,31.75,Kota Adm. Jakarta Timur,31,DKI Jakarta
31.75.05.1005,Pekayon,31.75.05,Pasar Rebo,31.75,Kota Adm. Jakarta Timur,31,DKI Jakarta
31.75.06.1001,Jatinegara,31.75.06,Cakung,31.75,Kota Adm. Jakarta Timur,31,DKI Jakarta
31.75.06.1002,Rawa Terate,31.75.06,Cakung,31.75,Kota Adm. Jakarta Timur,31,DKI Jakarta
31.75.06.1003,Penggilingan,31.75.06,Cakung,31.75,Kota Adm. Jakarta Timur,31,DKI Jakarta
31.75.06.1004,Cakung Timur,31.75.06,Cakung,31.75,Kota Adm. Jakarta Timur,31,DKI Jakarta
31.75.06.1005,Pulo Gebang,31.75.06,Cakung,31.75,Kota Adm. Jakarta Timur,31,DKI Jakarta
31.75.06.1006,Ujung Menteng,31.75.06,Cakung,31.75,Kota Adm. Jakarta Timur,31,DKI Jakarta
31.75.06.1007,Cakung Barat,31.75.06,Cakung,31.75,Kota Adm. Jakarta Timur,31,DKI Jakarta
31.75.07.1001,Duren Sawit,31.75.07,Duren Sawit,31.75,Kota Adm. Jakarta Timur,31,DKI Jakarta
31.75.07.1002,Pondok Bambu,31.75.07,Duren Sawit,31.75,Kota Adm. Jakarta Timur,31,DKI Jakarta
31.75.07.1003,Klender,31.75.07,Duren Sawit,31.75,Kota Adm. Jakarta Timur,31,DKI Jakarta
31.75.07.1004,Pondok Kelapa,31.75.07,Duren Sawit,31.75,Kota Adm. Jakarta Timur,31,DKI Jakarta
31.75.07.1005,Malaka Sari,31.75.07,Duren Sawit,31.75,Kota Adm. Jakarta Timur,31,DKI Jakarta
31.75.07.1006,Malaka Jaya,31.75.07,Duren Sawit,31.75,Kota Adm. Jakarta Timur,31,DKI Jakarta
31.75.07.1007,Pondok Kopi,31.75.07,Duren Sawit,31.75,Kota Adm. Jakarta Timur,31,DKI Jakarta
31.75.08.1001,Makasar,31.75.08,Makasar,31.75,Kota Adm. Jakarta Timur,31,DKI Jakarta
31.75.08.1002,Pinangranti,31.75.08,Makasar,31.75,Kota Adm. Jakarta Timur,31,DKI Jakarta
31.75.08.1003,Kebon Pala,31.75.08,Makasar,31.75,Kota Adm. Jakarta Timur,31,DKI Jakarta
31.75.08.1004,Halim Perdana Kusuma,31.75.08,Makasar,31.75,Kota Adm. Jakarta Timur,31,DKI Jakarta
31.75.08.1005,Cipinang Melayu,31.75.08,Makasar,31.75,Kota Adm. Jakarta Timur,31,DKI Jakarta
31.75.09.1001,Ciracas,31.75.09,Ciracas,31.75,Kota Adm. Jakarta Timur,31,DKI Jakarta
31.75.09.1002,Cibubur,31.75.09,Ciracas,31.75,Kota Adm. Jakarta Timur,31,DKI Jakarta
31.75.09.1003,Kelapa Dua Wetan,31.75.09,Ciracas,31.75,Kota Adm. Jakarta Timur,31,DKI Jakarta
31.75.09.1004,Susukan,31.75.09,Ciracas,31.75,Kota Adm. Jakarta Timur,31,DKI Jakarta
31.75.09.1005,Rambutan,31.75.09,Ciracas,31.75,Kota Adm. Jakarta Timur,31,DKI Jakarta
31.75.10.1001,Cipayung,31.75.10,Cipayung,31.75,Kota Adm. Jakarta Timur,31,DKI Jakarta
31.75.10.1002,Cilangkap,31.75.10,Cipayung,31.75,Kota Adm. Jakarta Timur,31,DKI Jakarta
31.75.10.1003,Pondok Ranggon,31.75.10,Cipayung,31.75,Kota Adm. Jakarta Timur,31,DKI Jakarta
31.75.10.1004,Munjul,31.75.10,Cipayung,31.75,Kota Adm. Jakarta Timur,31,DKI Jakarta
31.75.10.1005,Setu,31.75.10,Cipayung,31.75,Kota Adm. Jakarta Timur,31,DKI Jakarta
31.75.10.1006,Bambu Apus,31.75.10,Cipayung,31.75,Kota Adm. Jakarta Timur,31,DKI Jakarta
31.75.10.1007,Lubang Buaya,31.75.10,Cipayung,31.75,Kota Adm. Jakarta Timur,31,DKI Jakarta
31.75.10.1008,Ceger,31.75.10,Cipayung,31.75,Kota Adm. Jakarta Timur,31,DKI Jakarta
